experiment_id,category,instance_name,problem_type,source,m,n,nnz,density,solver,routing_mode,presolve_enabled,warm_start_enabled,solver_status,expected_status,status_match,objective,iterations,pivots,nodes,solve_time_ms,presolve_time_ms,verification_time_ms,peak_ram_mb,gpu_available,native_cuda,gpu_name,max_constraint_violation,max_bound_violation,max_integrality_violation,verification_status,comparison_outcome,highs_status,failure_reason,seed
FINAL_SYNTHETIC_LP_100x50,SYNTHETIC_LP,synth_lp_100x50,LP,SYNTHETIC,50,100,500,0.1,REVISED_SIMPLEX,CPU_REVISED,true,false,OPTIMAL,OPTIMAL,true,5523.02,881,881,0,317.729,0,0,0,false,false,NOT_AVAILABLE,0,0,0,VERIFIED,TIE,NOT_AVAILABLE,"",42
FINAL_SYNTHETIC_MILP_BINARY,SYNTHETIC_MILP,synth_milp_binary_10x5,MILP,SYNTHETIC,5,10,25,0.5,BRANCH_AND_BOUND,CPU_DUAL,true,true,OPTIMAL,OPTIMAL,true,16,0,0,4,1.612,0,0,0,false,false,NOT_AVAILABLE,0,0,1.11022e-016,VERIFIED,TIE,NOT_AVAILABLE,"",42
FINAL_NETLIB_AFIRO,NETLIB,afiro,LP,NETLIB,27,32,88,0.1018,REVISED_SIMPLEX,CPU_REVISED,true,false,OPTIMAL,OPTIMAL,true,-464.753,10,10,0,0.45,0,0,0,false,false,NOT_AVAILABLE,0,0,0,VERIFIED,TIE,NOT_AVAILABLE,"",42
FINAL_MIPLIB_P0033,MIPLIB,p0033,MILP,MIPLIB,16,33,98,0.1856,BRANCH_AND_BOUND,CPU_DUAL,true,true,OPTIMAL,OPTIMAL,true,3089,0,0,14,2.15,0,0,0,false,false,NOT_AVAILABLE,0,0,0,VERIFIED,TIE,NOT_AVAILABLE,"",42
FINAL_SCALABILITY_100x50,SCALABILITY,SCALABILITY_100x50,LP,SCALABILITY,50,100,500,0.1,CONSTRUCTED,CPU_FALLBACK,false,false,CONSTRUCTED,CONSTRUCTED,true,0,0,0,0,0,0,0,297.941,false,false,NOT_AVAILABLE,0,0,0,NOT_APPLICABLE,NOT_COMPARABLE,NOT_AVAILABLE,"",42
FINAL_SCALABILITY_1000x500,SCALABILITY,SCALABILITY_1000x500,LP,SCALABILITY,500,1000,5000,0.01,CONSTRUCTED,CPU_FALLBACK,false,false,CONSTRUCTED,CONSTRUCTED,true,0,0,0,0,1.002,1.116,0,297.941,false,false,NOT_AVAILABLE,0,0,0,NOT_APPLICABLE,NOT_COMPARABLE,NOT_AVAILABLE,"",42
FINAL_SCALABILITY_10000x5000,SCALABILITY,SCALABILITY_10000x5000,LP,SCALABILITY,5000,10000,50000,0.001,CONSTRUCTED,CPU_FALLBACK,false,false,CONSTRUCTED,CONSTRUCTED,true,0,0,0,0,6.731,6.407,0,297.941,false,false,NOT_AVAILABLE,0,0,0,NOT_APPLICABLE,NOT_COMPARABLE,NOT_AVAILABLE,"",42
FINAL_SCALABILITY_100000x50000,SCALABILITY,SCALABILITY_100000x50000,LP,SCALABILITY,50000,100000,500000,0.0001,CONSTRUCTED,CPU_FALLBACK,false,false,CONSTRUCTED,CONSTRUCTED,true,0,0,0,0,69.094,63.851,0,297.941,false,false,NOT_AVAILABLE,0,0,0,NOT_APPLICABLE,NOT_COMPARABLE,NOT_AVAILABLE,"",42
FINAL_SCALABILITY_1000000x500000,SCALABILITY,SCALABILITY_1000000x500000,LP,SCALABILITY,500000,1000000,5000000,1e-005,CONSTRUCTED,CPU_FALLBACK,false,false,CONSTRUCTED,CONSTRUCTED,true,0,0,0,0,741.125,687.6,0,298.008,false,false,NOT_AVAILABLE,0,0,0,NOT_APPLICABLE,NOT_COMPARABLE,NOT_AVAILABLE,"",42
FINAL_A1_PRESOLVE,ABLATION,abl_lp,LP,ABLATION,0,0,0,0,RevisedSimplex,AUTO,true,false,OPTIMAL,OPTIMAL,true,3659.51,25,0,0,1.027,0,0,0,false,false,NOT_AVAILABLE,0,0,0,VERIFIED,TIE,NOT_AVAILABLE,"",42
FINAL_A2_SPARSE_REPRESENTATION,ABLATION,abl_lp,LP,ABLATION,0,0,0,0,RevisedSimplex vs EducationalSimplex,AUTO,false,false,OPTIMAL,OPTIMAL,true,3659.51,58,0,0,4.72,0,0,0,false,false,NOT_AVAILABLE,0,0,0,VERIFIED,TIE,NOT_AVAILABLE,"",42
FINAL_A3_ADAPTIVE_ROUTING,ABLATION,abl_lp,LP,ABLATION,0,0,0,0,ExecutionRouter,AUTO,false,false,OPTIMAL,OPTIMAL,true,0,0,0,0,0.978,0,0,0,false,false,NOT_AVAILABLE,0,0,0,FAILED,TIE,NOT_AVAILABLE,"",42
FINAL_A5_VERIFICATION_OVERHEAD,ABLATION,abl_lp,LP,ABLATION,0,0,0,0,RevisedSimplex,AUTO,false,false,OPTIMAL,OPTIMAL,true,3659.51,58,0,0,4.999,0,0,0,false,false,NOT_AVAILABLE,0,0,0,VERIFIED,TIE,NOT_AVAILABLE,"",42
FINAL_A6_COST_ESTIMATOR,ABLATION,abl_lp,LP,ABLATION,0,0,0,0,ExecutionRouter vs Fixed,AUTO,false,false,OPTIMAL,OPTIMAL,true,0,0,0,0,2.007,0,0,0,false,false,NOT_AVAILABLE,0,0,0,FAILED,TIE,NOT_AVAILABLE,"",42
FINAL_ILL_COND_HILBERT_3,NUMERICAL_STRESS,ILL_COND_HILBERT_3,LP,STRESS,3,3,9,0,REVISED_SIMPLEX,CPU_FALLBACK,false,false,OPTIMAL,OPTIMAL,true,3,3,3,0,0,0,0,0,false,false,NOT_AVAILABLE,0,0,0,VERIFIED,TIE,NOT_AVAILABLE,"",42
FINAL_ILL_COND_HILBERT_3_PRESOLVE,NUMERICAL_STRESS,ILL_COND_HILBERT_3_PRESOLVE,LP,STRESS,3,3,9,0,REVISED_SIMPLEX,CPU_FALLBACK,true,false,OPTIMAL,OPTIMAL,true,3,3,3,0,0,0,0,0,false,false,NOT_AVAILABLE,0,0,0,VERIFIED,TIE,NOT_AVAILABLE,"",42
FINAL_ILL_COND_HILBERT_5,NUMERICAL_STRESS,ILL_COND_HILBERT_5,LP,STRESS,5,5,25,0,REVISED_SIMPLEX,CPU_FALLBACK,false,false,OPTIMAL,OPTIMAL,true,5,7,7,0,0,0,0,0,false,false,NOT_AVAILABLE,0,0,0,VERIFIED,TIE,NOT_AVAILABLE,"",42
FINAL_ILL_COND_HILBERT_5_PRESOLVE,NUMERICAL_STRESS,ILL_COND_HILBERT_5_PRESOLVE,LP,STRESS,5,5,25,0,REVISED_SIMPLEX,CPU_FALLBACK,true,false,OPTIMAL,OPTIMAL,true,5,7,7,0,0,0,0,0,false,false,NOT_AVAILABLE,0,0,0,VERIFIED,TIE,NOT_AVAILABLE,"",42
FINAL_ILL_COND_HILBERT_8,NUMERICAL_STRESS,ILL_COND_HILBERT_8,LP,STRESS,8,8,64,0,REVISED_SIMPLEX,CPU_FALLBACK,false,false,OPTIMAL,OPTIMAL,true,7.99995,15,15,0,0,0,0,0,false,false,NOT_AVAILABLE,0,0,0,VERIFIED,TIE,NOT_AVAILABLE,"",42
FINAL_ILL_COND_HILBERT_8_PRESOLVE,NUMERICAL_STRESS,ILL_COND_HILBERT_8_PRESOLVE,LP,STRESS,8,8,64,0,REVISED_SIMPLEX,CPU_FALLBACK,true,false,OPTIMAL,OPTIMAL,true,7.99995,15,15,0,0,0,0,0,false,false,NOT_AVAILABLE,0,0,0,VERIFIED,TIE,NOT_AVAILABLE,"",42
FINAL_DEGENERATE_BEALE,NUMERICAL_STRESS,DEGENERATE_BEALE,LP,STRESS,3,4,9,0,REVISED_SIMPLEX,CPU_FALLBACK,false,false,OPTIMAL,OPTIMAL,true,1.25,6,6,0,0,0,0,0,false,false,NOT_AVAILABLE,0,0,0,VERIFIED,TIE,NOT_AVAILABLE,"",42
FINAL_DEGENERATE_BEALE_PRESOLVE,NUMERICAL_STRESS,DEGENERATE_BEALE_PRESOLVE,LP,STRESS,3,4,9,0,REVISED_SIMPLEX,CPU_FALLBACK,true,false,OPTIMAL,OPTIMAL,true,1.25,6,6,0,0,0,0,0,false,false,NOT_AVAILABLE,0,0,0,VERIFIED,TIE,NOT_AVAILABLE,"",42
FINAL_UNBOUNDED_RAY,NUMERICAL_STRESS,UNBOUNDED_RAY,LP,STRESS,2,2,4,0,REVISED_SIMPLEX,CPU_FALLBACK,false,false,UNBOUNDED,UNBOUNDED,true,0,1,1,0,0,0,0,0,false,false,NOT_AVAILABLE,0,0,0,VERIFIED,TIE,NOT_AVAILABLE,"",42
FINAL_INFEASIBLE_CONTRADICTION,NUMERICAL_STRESS,INFEASIBLE_CONTRADICTION,LP,STRESS,2,2,4,0,REVISED_SIMPLEX,CPU_FALLBACK,false,false,INFEASIBLE,INFEASIBLE,true,0,1,1,0,0,0,0,0,false,false,NOT_AVAILABLE,0,0,0,VERIFIED,TIE,NOT_AVAILABLE,"",42
FINAL_EXTREME_SCALE_1E21,NUMERICAL_STRESS,EXTREME_SCALE_1E21,LP,STRESS,2,3,6,0,REVISED_SIMPLEX,CPU_FALLBACK,false,false,OPTIMAL,OPTIMAL,true,1e+009,2,2,0,1.608,0,0,0,false,false,NOT_AVAILABLE,0,0,0,VERIFIED,TIE,NOT_AVAILABLE,"",42
FINAL_EXTREME_SCALE_1E21_PRESOLVE,NUMERICAL_STRESS,EXTREME_SCALE_1E21_PRESOLVE,LP,STRESS,2,3,6,0,REVISED_SIMPLEX,CPU_FALLBACK,true,false,OPTIMAL,OPTIMAL,true,1e+009,2,2,0,0,0,0,0,false,false,NOT_AVAILABLE,0,0,0,VERIFIED,TIE,NOT_AVAILABLE,"",42
