experiment_id,category,seed,m,n,nnz,coefficient_min,coefficient_max,coefficient_dynamic_range,condition_metric,presolve_enabled,presolve_reductions,pivot_tolerance,feasibility_tolerance,optimality_tolerance,solver,solver_status,expected_status,status_match,iterations,pivot_count,objective,max_constraint_violation,max_bound_violation,max_integrality_violation,verification_status,solve_time_ms,presolve_time_ms,numerical_failure,failure_reason,native_cuda,gpu_status
ILL_COND_HILBERT_3,ILL_CONDITIONED,42,3,3,9,0.2,1.83333,9.16667,3981.07,false,0,1e-010,1e-007,1e-007,REVISED_SIMPLEX,OPTIMAL,OPTIMAL,true,3,3,3,0,0,0,VERIFIED,0,0,false,"",false,CPU_FALLBACK
ILL_COND_HILBERT_3_PRESOLVE,ILL_CONDITIONED,42,3,3,9,0.2,1.83333,9.16667,3981.07,true,0,1e-010,1e-007,1e-007,REVISED_SIMPLEX,OPTIMAL,OPTIMAL,true,3,3,3,0,0,0,VERIFIED,0,0,false,"",false,CPU_FALLBACK
ILL_COND_HILBERT_5,ILL_CONDITIONED,42,5,5,25,0.111111,2.28333,20.55,100000,false,0,1e-010,1e-007,1e-007,REVISED_SIMPLEX,OPTIMAL,OPTIMAL,true,7,7,5,0,0,0,VERIFIED,0,0,false,"",false,CPU_FALLBACK
ILL_COND_HILBERT_5_PRESOLVE,ILL_CONDITIONED,42,5,5,25,0.111111,2.28333,20.55,100000,true,0,1e-010,1e-007,1e-007,REVISED_SIMPLEX,OPTIMAL,OPTIMAL,true,7,7,5,0,0,0,VERIFIED,0.615,0,false,"",false,CPU_FALLBACK
ILL_COND_HILBERT_8,ILL_CONDITIONED,42,8,8,64,0.0666667,2.71786,40.7679,1.25893e+007,false,0,1e-010,1e-007,1e-007,REVISED_SIMPLEX,OPTIMAL,OPTIMAL,true,15,15,7.99995,0,0,0,VERIFIED,0.415,0,false,"",false,CPU_FALLBACK
ILL_COND_HILBERT_8_PRESOLVE,ILL_CONDITIONED,42,8,8,64,0.0666667,2.71786,40.7679,1.25893e+007,true,0,1e-010,1e-007,1e-007,REVISED_SIMPLEX,OPTIMAL,OPTIMAL,true,15,15,7.99995,0,0,0,VERIFIED,0.675,0,false,"",false,CPU_FALLBACK
DEGENERATE_BEALE,DEGENERATE,42,3,4,9,0.25,20,80,80,false,0,1e-010,1e-007,1e-007,REVISED_SIMPLEX,OPTIMAL,OPTIMAL,true,6,6,1.25,0,0,0,VERIFIED,0.821,0,false,"",false,CPU_FALLBACK
DEGENERATE_BEALE_PRESOLVE,DEGENERATE,42,3,4,9,0.25,20,80,80,true,1,1e-010,1e-007,1e-007,REVISED_SIMPLEX,OPTIMAL,OPTIMAL,true,6,6,1.25,0,0,0,VERIFIED,0,0,false,"",false,CPU_FALLBACK
UNBOUNDED_RAY,UNBOUNDED,42,2,2,4,1,4,4,4,false,0,1e-010,1e-007,1e-007,REVISED_SIMPLEX,UNBOUNDED,UNBOUNDED,true,1,1,0,0,0,0,VERIFIED,0,0,false,"",false,CPU_FALLBACK
INFEASIBLE_CONTRADICTION,INFEASIBLE,42,2,2,4,1,5,5,5,false,0,1e-010,1e-007,1e-007,REVISED_SIMPLEX,INFEASIBLE,INFEASIBLE,true,1,1,0,0,0,0,VERIFIED,0,0,false,"",false,CPU_FALLBACK
EXTREME_SCALE_1E21,EXTREME_SCALE,42,2,3,6,1e-012,1e+009,1e+021,1e+021,false,0,1e-010,1e-007,1e-007,REVISED_SIMPLEX,OPTIMAL,OPTIMAL,true,2,2,1e+009,0,0,0,VERIFIED,0,0,false,"",false,CPU_FALLBACK
EXTREME_SCALE_1E21_PRESOLVE,EXTREME_SCALE,42,2,3,6,1e-012,1e+009,1e+021,1e+021,true,0,1e-010,1e-007,1e-007,REVISED_SIMPLEX,OPTIMAL,OPTIMAL,true,2,2,1e+009,0,0,0,VERIFIED,0,0,false,"",false,CPU_FALLBACK
